name,price,costPrice,category,stock,barcode,image
Cheese 1,44,29,Personal Care,183,300001,https://source.unsplash.com/300x300/?Cheese
Sugar 2,195,178,Snacks,158,300002,https://source.unsplash.com/300x300/?Sugar
Toothpaste 3,191,182,Fruits,61,300003,https://source.unsplash.com/300x300/?Toothpaste
Shampoo 4,173,156,Bakery,182,300004,https://source.unsplash.com/300x300/?Shampoo
Milk 5,181,180,Bakery,139,300005,https://source.unsplash.com/300x300/?Milk
Milk 6,118,99,Snacks,27,300006,https://source.unsplash.com/300x300/?Milk
Biscuits 7,206,200,Snacks,140,300007,https://source.unsplash.com/300x300/?Biscuits
Salt 8,199,188,Snacks,180,300008,https://source.unsplash.com/300x300/?Salt
Oil 9,29,20,Beverages,196,300009,https://source.unsplash.com/300x300/?Oil
Sugar 10,123,121,Bakery,131,300010,https://source.unsplash.com/300x300/?Sugar
Soap 11,89,86,Fruits,186,300011,https://source.unsplash.com/300x300/?Soap
Toothpaste 12,122,117,Bakery,93,300012,https://source.unsplash.com/300x300/?Toothpaste
Soap 13,105,96,Grocery,33,300013,https://source.unsplash.com/300x300/?Soap
Banana 14,82,71,Personal Care,198,300014,https://source.unsplash.com/300x300/?Banana
Juice 15,185,181,Dairy,151,300015,https://source.unsplash.com/300x300/?Juice
Milk 16,142,132,Bakery,188,300016,https://source.unsplash.com/300x300/?Milk
Cheese 17,108,92,Grocery,120,300017,https://source.unsplash.com/300x300/?Cheese
Chips 18,149,130,Snacks,37,300018,https://source.unsplash.com/300x300/?Chips
Chocolate 19,49,46,Personal Care,60,300019,https://source.unsplash.com/300x300/?Chocolate
Cheese 20,218,199,Beverages,164,300020,https://source.unsplash.com/300x300/?Cheese
Soap 21,195,193,Snacks,90,300021,https://source.unsplash.com/300x300/?Soap
Shampoo 22,130,126,Bakery,15,300022,https://source.unsplash.com/300x300/?Shampoo
Chocolate 23,129,117,Grocery,125,300023,https://source.unsplash.com/300x300/?Chocolate
Toothpaste 24,25,14,Fruits,48,300024,https://source.unsplash.com/300x300/?Toothpaste
Chips 25,202,202,Beverages,153,300025,https://source.unsplash.com/300x300/?Chips
Shampoo 26,48,32,Beverages,72,300026,https://source.unsplash.com/300x300/?Shampoo
Oil 27,21,18,Snacks,62,300027,https://source.unsplash.com/300x300/?Oil
Biscuits 28,149,136,Beverages,94,300028,https://source.unsplash.com/300x300/?Biscuits
Apple 29,132,131,Snacks,121,300029,https://source.unsplash.com/300x300/?Apple
Shampoo 30,39,36,Snacks,30,300030,https://source.unsplash.com/300x300/?Shampoo
Sugar 31,191,185,Fruits,65,300031,https://source.unsplash.com/300x300/?Sugar
Banana 32,212,208,Snacks,89,300032,https://source.unsplash.com/300x300/?Banana
Sugar 33,216,209,Beverages,133,300033,https://source.unsplash.com/300x300/?Sugar
Sugar 34,200,190,Personal Care,167,300034,https://source.unsplash.com/300x300/?Sugar
Soap 35,203,188,Fruits,24,300035,https://source.unsplash.com/300x300/?Soap
Chocolate 36,110,100,Bakery,182,300036,https://source.unsplash.com/300x300/?Chocolate
Rice 37,56,47,Snacks,107,300037,https://source.unsplash.com/300x300/?Rice
Biscuits 38,149,148,Bakery,78,300038,https://source.unsplash.com/300x300/?Biscuits
Cheese 39,183,179,Personal Care,7,300039,https://source.unsplash.com/300x300/?Cheese
Oil 40,76,63,Fruits,151,300040,https://source.unsplash.com/300x300/?Oil
Banana 41,178,162,Dairy,181,300041,https://source.unsplash.com/300x300/?Banana
Sugar 42,206,187,Beverages,167,300042,https://source.unsplash.com/300x300/?Sugar
Chips 43,210,200,Beverages,56,300043,https://source.unsplash.com/300x300/?Chips
Shampoo 44,21,19,Grocery,125,300044,https://source.unsplash.com/300x300/?Shampoo
Banana 45,162,154,Grocery,159,300045,https://source.unsplash.com/300x300/?Banana
Oil 46,155,141,Dairy,197,300046,https://source.unsplash.com/300x300/?Oil
Juice 47,125,113,Dairy,120,300047,https://source.unsplash.com/300x300/?Juice
Banana 48,30,24,Fruits,151,300048,https://source.unsplash.com/300x300/?Banana
Soap 49,56,42,Beverages,3,300049,https://source.unsplash.com/300x300/?Soap
Chocolate 50,96,94,Beverages,2,300050,https://source.unsplash.com/300x300/?Chocolate
Chips 51,31,14,Bakery,120,300051,https://source.unsplash.com/300x300/?Chips
Soap 52,198,190,Snacks,51,300052,https://source.unsplash.com/300x300/?Soap
Eggs 53,139,127,Snacks,92,300053,https://source.unsplash.com/300x300/?Eggs
Butter 54,142,141,Fruits,1,300054,https://source.unsplash.com/300x300/?Butter
Juice 55,89,80,Bakery,99,300055,https://source.unsplash.com/300x300/?Juice
Juice 56,164,157,Fruits,39,300056,https://source.unsplash.com/300x300/?Juice
Apple 57,116,103,Fruits,112,300057,https://source.unsplash.com/300x300/?Apple
Bread 58,147,141,Grocery,19,300058,https://source.unsplash.com/300x300/?Bread
Soap 59,213,205,Personal Care,31,300059,https://source.unsplash.com/300x300/?Soap
Sugar 60,207,206,Personal Care,37,300060,https://source.unsplash.com/300x300/?Sugar
Banana 61,40,33,Dairy,142,300061,https://source.unsplash.com/300x300/?Banana
Soap 62,215,202,Fruits,63,300062,https://source.unsplash.com/300x300/?Soap
Chocolate 63,85,72,Fruits,93,300063,https://source.unsplash.com/300x300/?Chocolate
Milk 64,116,108,Bakery,152,300064,https://source.unsplash.com/300x300/?Milk
Chips 65,173,156,Grocery,145,300065,https://source.unsplash.com/300x300/?Chips
Eggs 66,217,209,Fruits,73,300066,https://source.unsplash.com/300x300/?Eggs
Juice 67,23,11,Grocery,15,300067,https://source.unsplash.com/300x300/?Juice
Milk 68,218,201,Fruits,12,300068,https://source.unsplash.com/300x300/?Milk
Chips 69,186,177,Fruits,93,300069,https://source.unsplash.com/300x300/?Chips
Chips 70,178,175,Fruits,164,300070,https://source.unsplash.com/300x300/?Chips
Chocolate 71,88,78,Dairy,148,300071,https://source.unsplash.com/300x300/?Chocolate
Apple 72,122,115,Beverages,6,300072,https://source.unsplash.com/300x300/?Apple
Apple 73,30,15,Personal Care,67,300073,https://source.unsplash.com/300x300/?Apple
Chips 74,199,181,Beverages,197,300074,https://source.unsplash.com/300x300/?Chips
Apple 75,61,49,Snacks,72,300075,https://source.unsplash.com/300x300/?Apple
Soap 76,177,162,Grocery,48,300076,https://source.unsplash.com/300x300/?Soap
Milk 77,110,109,Grocery,186,300077,https://source.unsplash.com/300x300/?Milk
Banana 78,167,163,Dairy,37,300078,https://source.unsplash.com/300x300/?Banana
Apple 79,132,120,Bakery,101,300079,https://source.unsplash.com/300x300/?Apple
Toothpaste 80,120,107,Personal Care,26,300080,https://source.unsplash.com/300x300/?Toothpaste
Bread 81,84,80,Snacks,87,300081,https://source.unsplash.com/300x300/?Bread
Chocolate 82,22,18,Fruits,156,300082,https://source.unsplash.com/300x300/?Chocolate
Eggs 83,170,160,Bakery,56,300083,https://source.unsplash.com/300x300/?Eggs
Toothpaste 84,29,15,Bakery,197,300084,https://source.unsplash.com/300x300/?Toothpaste
Soap 85,73,60,Grocery,199,300085,https://source.unsplash.com/300x300/?Soap
Milk 86,40,29,Bakery,141,300086,https://source.unsplash.com/300x300/?Milk
Rice 87,21,7,Personal Care,187,300087,https://source.unsplash.com/300x300/?Rice
Chips 88,111,93,Personal Care,3,300088,https://source.unsplash.com/300x300/?Chips
Toothpaste 89,36,20,Personal Care,22,300089,https://source.unsplash.com/300x300/?Toothpaste
Banana 90,127,116,Bakery,93,300090,https://source.unsplash.com/300x300/?Banana
Bread 91,122,120,Dairy,0,300091,https://source.unsplash.com/300x300/?Bread
Cheese 92,130,116,Dairy,84,300092,https://source.unsplash.com/300x300/?Cheese
Toothpaste 93,62,48,Beverages,62,300093,https://source.unsplash.com/300x300/?Toothpaste
Biscuits 94,196,185,Bakery,80,300094,https://source.unsplash.com/300x300/?Biscuits
Chocolate 95,39,22,Bakery,15,300095,https://source.unsplash.com/300x300/?Chocolate
Oil 96,43,35,Dairy,2,300096,https://source.unsplash.com/300x300/?Oil
Milk 97,101,82,Fruits,6,300097,https://source.unsplash.com/300x300/?Milk
Sugar 98,61,55,Beverages,123,300098,https://source.unsplash.com/300x300/?Sugar
Eggs 99,170,153,Snacks,148,300099,https://source.unsplash.com/300x300/?Eggs
Soap 100,205,197,Dairy,144,300100,https://source.unsplash.com/300x300/?Soap
Chocolate 101,30,19,Bakery,152,300101,https://source.unsplash.com/300x300/?Chocolate
Butter 102,31,24,Dairy,2,300102,https://source.unsplash.com/300x300/?Butter
Butter 103,118,107,Beverages,142,300103,https://source.unsplash.com/300x300/?Butter
Bread 104,102,92,Personal Care,2,300104,https://source.unsplash.com/300x300/?Bread
Sugar 105,62,51,Fruits,117,300105,https://source.unsplash.com/300x300/?Sugar
Soap 106,126,111,Personal Care,68,300106,https://source.unsplash.com/300x300/?Soap
Chips 107,114,101,Personal Care,161,300107,https://source.unsplash.com/300x300/?Chips
Oil 108,200,197,Grocery,1,300108,https://source.unsplash.com/300x300/?Oil
Apple 109,105,93,Dairy,93,300109,https://source.unsplash.com/300x300/?Apple
Toothpaste 110,87,68,Personal Care,84,300110,https://source.unsplash.com/300x300/?Toothpaste
Milk 111,55,36,Dairy,6,300111,https://source.unsplash.com/300x300/?Milk
Sugar 112,142,133,Dairy,165,300112,https://source.unsplash.com/300x300/?Sugar
Oil 113,146,137,Dairy,33,300113,https://source.unsplash.com/300x300/?Oil
Eggs 114,212,198,Personal Care,109,300114,https://source.unsplash.com/300x300/?Eggs
Salt 115,127,117,Fruits,114,300115,https://source.unsplash.com/300x300/?Salt
Chips 116,51,49,Bakery,128,300116,https://source.unsplash.com/300x300/?Chips
Butter 117,187,175,Beverages,97,300117,https://source.unsplash.com/300x300/?Butter
Sugar 118,27,26,Dairy,5,300118,https://source.unsplash.com/300x300/?Sugar
Salt 119,136,130,Snacks,108,300119,https://source.unsplash.com/300x300/?Salt
Toothpaste 120,78,60,Fruits,76,300120,https://source.unsplash.com/300x300/?Toothpaste
Chocolate 121,72,65,Personal Care,139,300121,https://source.unsplash.com/300x300/?Chocolate
Salt 122,93,92,Snacks,5,300122,https://source.unsplash.com/300x300/?Salt
Butter 123,45,43,Snacks,34,300123,https://source.unsplash.com/300x300/?Butter
Toothpaste 124,181,163,Bakery,13,300124,https://source.unsplash.com/300x300/?Toothpaste
Salt 125,42,36,Bakery,33,300125,https://source.unsplash.com/300x300/?Salt
Soap 126,128,111,Fruits,155,300126,https://source.unsplash.com/300x300/?Soap
Butter 127,88,88,Grocery,73,300127,https://source.unsplash.com/300x300/?Butter
Shampoo 128,197,185,Bakery,122,300128,https://source.unsplash.com/300x300/?Shampoo
Sugar 129,187,179,Bakery,110,300129,https://source.unsplash.com/300x300/?Sugar
Juice 130,176,173,Snacks,64,300130,https://source.unsplash.com/300x300/?Juice
Milk 131,97,89,Beverages,13,300131,https://source.unsplash.com/300x300/?Milk
Eggs 132,140,124,Dairy,113,300132,https://source.unsplash.com/300x300/?Eggs
Biscuits 133,137,123,Bakery,97,300133,https://source.unsplash.com/300x300/?Biscuits
Apple 134,66,62,Snacks,33,300134,https://source.unsplash.com/300x300/?Apple
Banana 135,158,157,Fruits,53,300135,https://source.unsplash.com/300x300/?Banana
Apple 136,144,142,Personal Care,193,300136,https://source.unsplash.com/300x300/?Apple
Chocolate 137,134,134,Bakery,84,300137,https://source.unsplash.com/300x300/?Chocolate
Biscuits 138,38,34,Personal Care,51,300138,https://source.unsplash.com/300x300/?Biscuits
Milk 139,130,122,Personal Care,110,300139,https://source.unsplash.com/300x300/?Milk
Shampoo 140,105,94,Personal Care,185,300140,https://source.unsplash.com/300x300/?Shampoo
Banana 141,51,41,Fruits,73,300141,https://source.unsplash.com/300x300/?Banana
Cheese 142,219,211,Personal Care,2,300142,https://source.unsplash.com/300x300/?Cheese
Chips 143,123,117,Personal Care,181,300143,https://source.unsplash.com/300x300/?Chips
Bread 144,193,174,Beverages,88,300144,https://source.unsplash.com/300x300/?Bread
Biscuits 145,184,172,Dairy,32,300145,https://source.unsplash.com/300x300/?Biscuits
Shampoo 146,195,181,Fruits,120,300146,https://source.unsplash.com/300x300/?Shampoo
Chocolate 147,159,152,Beverages,56,300147,https://source.unsplash.com/300x300/?Chocolate
Chips 148,24,12,Dairy,139,300148,https://source.unsplash.com/300x300/?Chips
Toothpaste 149,147,140,Personal Care,146,300149,https://source.unsplash.com/300x300/?Toothpaste
Cheese 150,96,78,Snacks,45,300150,https://source.unsplash.com/300x300/?Cheese
Biscuits 151,47,44,Grocery,199,300151,https://source.unsplash.com/300x300/?Biscuits
Milk 152,52,52,Grocery,177,300152,https://source.unsplash.com/300x300/?Milk
Cheese 153,155,154,Fruits,24,300153,https://source.unsplash.com/300x300/?Cheese
Shampoo 154,133,116,Snacks,67,300154,https://source.unsplash.com/300x300/?Shampoo
Toothpaste 155,90,80,Bakery,182,300155,https://source.unsplash.com/300x300/?Toothpaste
Eggs 156,94,83,Grocery,186,300156,https://source.unsplash.com/300x300/?Eggs
Butter 157,32,31,Personal Care,149,300157,https://source.unsplash.com/300x300/?Butter
Biscuits 158,31,28,Fruits,49,300158,https://source.unsplash.com/300x300/?Biscuits
Shampoo 159,206,203,Snacks,39,300159,https://source.unsplash.com/300x300/?Shampoo
Sugar 160,43,30,Personal Care,53,300160,https://source.unsplash.com/300x300/?Sugar
Biscuits 161,161,157,Dairy,195,300161,https://source.unsplash.com/300x300/?Biscuits
Shampoo 162,55,53,Grocery,63,300162,https://source.unsplash.com/300x300/?Shampoo
Sugar 163,194,188,Snacks,58,300163,https://source.unsplash.com/300x300/?Sugar
Apple 164,136,129,Snacks,174,300164,https://source.unsplash.com/300x300/?Apple
Butter 165,90,81,Grocery,189,300165,https://source.unsplash.com/300x300/?Butter
Banana 166,202,186,Snacks,98,300166,https://source.unsplash.com/300x300/?Banana
Chocolate 167,68,63,Beverages,178,300167,https://source.unsplash.com/300x300/?Chocolate
Rice 168,41,26,Personal Care,89,300168,https://source.unsplash.com/300x300/?Rice
Oil 169,164,158,Bakery,166,300169,https://source.unsplash.com/300x300/?Oil
Chips 170,156,146,Beverages,26,300170,https://source.unsplash.com/300x300/?Chips
Milk 171,40,21,Bakery,88,300171,https://source.unsplash.com/300x300/?Milk
Juice 172,98,97,Personal Care,37,300172,https://source.unsplash.com/300x300/?Juice
Toothpaste 173,197,191,Dairy,174,300173,https://source.unsplash.com/300x300/?Toothpaste
Butter 174,24,12,Personal Care,100,300174,https://source.unsplash.com/300x300/?Butter
Oil 175,75,57,Dairy,151,300175,https://source.unsplash.com/300x300/?Oil
Oil 176,137,128,Beverages,67,300176,https://source.unsplash.com/300x300/?Oil
Biscuits 177,72,69,Snacks,79,300177,https://source.unsplash.com/300x300/?Biscuits
Chocolate 178,149,131,Snacks,13,300178,https://source.unsplash.com/300x300/?Chocolate
Banana 179,145,143,Fruits,88,300179,https://source.unsplash.com/300x300/?Banana
Salt 180,27,17,Bakery,118,300180,https://source.unsplash.com/300x300/?Salt
Cheese 181,152,140,Fruits,148,300181,https://source.unsplash.com/300x300/?Cheese
Juice 182,175,160,Bakery,184,300182,https://source.unsplash.com/300x300/?Juice
Soap 183,199,199,Beverages,108,300183,https://source.unsplash.com/300x300/?Soap
Chips 184,171,154,Grocery,44,300184,https://source.unsplash.com/300x300/?Chips
Salt 185,137,121,Bakery,86,300185,https://source.unsplash.com/300x300/?Salt
Banana 186,55,54,Dairy,85,300186,https://source.unsplash.com/300x300/?Banana
Juice 187,179,172,Fruits,154,300187,https://source.unsplash.com/300x300/?Juice
Butter 188,142,126,Bakery,13,300188,https://source.unsplash.com/300x300/?Butter
Eggs 189,98,92,Dairy,89,300189,https://source.unsplash.com/300x300/?Eggs
Apple 190,99,83,Personal Care,116,300190,https://source.unsplash.com/300x300/?Apple
Soap 191,188,185,Personal Care,20,300191,https://source.unsplash.com/300x300/?Soap
Shampoo 192,73,62,Snacks,49,300192,https://source.unsplash.com/300x300/?Shampoo
Juice 193,200,182,Personal Care,63,300193,https://source.unsplash.com/300x300/?Juice
Apple 194,79,75,Beverages,45,300194,https://source.unsplash.com/300x300/?Apple
Eggs 195,100,82,Grocery,116,300195,https://source.unsplash.com/300x300/?Eggs
Oil 196,185,175,Grocery,53,300196,https://source.unsplash.com/300x300/?Oil
Banana 197,20,18,Dairy,167,300197,https://source.unsplash.com/300x300/?Banana
Milk 198,28,16,Bakery,67,300198,https://source.unsplash.com/300x300/?Milk
Sugar 199,127,117,Grocery,45,300199,https://source.unsplash.com/300x300/?Sugar
Chips 200,167,152,Grocery,84,300200,https://source.unsplash.com/300x300/?Chips
Bread 201,180,161,Dairy,38,300201,https://source.unsplash.com/300x300/?Bread
Chocolate 202,33,16,Beverages,32,300202,https://source.unsplash.com/300x300/?Chocolate
Rice 203,69,67,Snacks,96,300203,https://source.unsplash.com/300x300/?Rice
Milk 204,25,23,Snacks,190,300204,https://source.unsplash.com/300x300/?Milk
Banana 205,115,112,Beverages,81,300205,https://source.unsplash.com/300x300/?Banana
Juice 206,160,145,Fruits,197,300206,https://source.unsplash.com/300x300/?Juice
Milk 207,203,202,Grocery,126,300207,https://source.unsplash.com/300x300/?Milk
Cheese 208,46,31,Personal Care,127,300208,https://source.unsplash.com/300x300/?Cheese
Shampoo 209,204,190,Snacks,22,300209,https://source.unsplash.com/300x300/?Shampoo
Cheese 210,174,174,Bakery,10,300210,https://source.unsplash.com/300x300/?Cheese
Butter 211,209,197,Snacks,45,300211,https://source.unsplash.com/300x300/?Butter
Cheese 212,65,61,Fruits,102,300212,https://source.unsplash.com/300x300/?Cheese
Eggs 213,213,196,Personal Care,61,300213,https://source.unsplash.com/300x300/?Eggs
Soap 214,177,177,Bakery,0,300214,https://source.unsplash.com/300x300/?Soap
Juice 215,48,39,Fruits,149,300215,https://source.unsplash.com/300x300/?Juice
Salt 216,183,166,Personal Care,177,300216,https://source.unsplash.com/300x300/?Salt
Toothpaste 217,152,133,Beverages,87,300217,https://source.unsplash.com/300x300/?Toothpaste
Salt 218,150,133,Bakery,197,300218,https://source.unsplash.com/300x300/?Salt
Soap 219,21,15,Grocery,23,300219,https://source.unsplash.com/300x300/?Soap
Apple 220,30,27,Snacks,168,300220,https://source.unsplash.com/300x300/?Apple
Chips 221,213,203,Snacks,189,300221,https://source.unsplash.com/300x300/?Chips
Juice 222,100,93,Fruits,107,300222,https://source.unsplash.com/300x300/?Juice
Oil 223,99,84,Grocery,186,300223,https://source.unsplash.com/300x300/?Oil
Oil 224,80,65,Beverages,49,300224,https://source.unsplash.com/300x300/?Oil
Chocolate 225,106,98,Snacks,106,300225,https://source.unsplash.com/300x300/?Chocolate
Rice 226,50,50,Grocery,112,300226,https://source.unsplash.com/300x300/?Rice
Apple 227,70,56,Snacks,28,300227,https://source.unsplash.com/300x300/?Apple
Banana 228,37,34,Bakery,14,300228,https://source.unsplash.com/300x300/?Banana
Banana 229,120,119,Beverages,54,300229,https://source.unsplash.com/300x300/?Banana
Apple 230,48,34,Grocery,163,300230,https://source.unsplash.com/300x300/?Apple
Butter 231,110,93,Fruits,180,300231,https://source.unsplash.com/300x300/?Butter
Soap 232,63,63,Bakery,91,300232,https://source.unsplash.com/300x300/?Soap
Apple 233,206,201,Personal Care,165,300233,https://source.unsplash.com/300x300/?Apple
Biscuits 234,105,105,Bakery,53,300234,https://source.unsplash.com/300x300/?Biscuits
Cheese 235,155,155,Personal Care,20,300235,https://source.unsplash.com/300x300/?Cheese
Banana 236,188,185,Snacks,69,300236,https://source.unsplash.com/300x300/?Banana
Eggs 237,209,205,Bakery,188,300237,https://source.unsplash.com/300x300/?Eggs
Butter 238,65,60,Snacks,57,300238,https://source.unsplash.com/300x300/?Butter
Chips 239,122,118,Fruits,52,300239,https://source.unsplash.com/300x300/?Chips
Salt 240,98,93,Beverages,152,300240,https://source.unsplash.com/300x300/?Salt
Juice 241,23,6,Dairy,95,300241,https://source.unsplash.com/300x300/?Juice
Salt 242,134,116,Bakery,50,300242,https://source.unsplash.com/300x300/?Salt
Milk 243,21,14,Snacks,142,300243,https://source.unsplash.com/300x300/?Milk
Milk 244,139,138,Grocery,90,300244,https://source.unsplash.com/300x300/?Milk
Chocolate 245,115,103,Fruits,164,300245,https://source.unsplash.com/300x300/?Chocolate
Rice 246,121,105,Grocery,6,300246,https://source.unsplash.com/300x300/?Rice
Soap 247,82,79,Snacks,67,300247,https://source.unsplash.com/300x300/?Soap
Cheese 248,206,203,Personal Care,122,300248,https://source.unsplash.com/300x300/?Cheese
Soap 249,80,74,Grocery,167,300249,https://source.unsplash.com/300x300/?Soap
Butter 250,198,186,Grocery,161,300250,https://source.unsplash.com/300x300/?Butter
Bread 251,145,130,Bakery,91,300251,https://source.unsplash.com/300x300/?Bread
Toothpaste 252,79,76,Beverages,63,300252,https://source.unsplash.com/300x300/?Toothpaste
Apple 253,61,53,Beverages,110,300253,https://source.unsplash.com/300x300/?Apple
Cheese 254,151,148,Fruits,65,300254,https://source.unsplash.com/300x300/?Cheese
Soap 255,112,111,Snacks,138,300255,https://source.unsplash.com/300x300/?Soap
Eggs 256,92,88,Bakery,5,300256,https://source.unsplash.com/300x300/?Eggs
Sugar 257,106,90,Snacks,171,300257,https://source.unsplash.com/300x300/?Sugar
Butter 258,60,46,Dairy,78,300258,https://source.unsplash.com/300x300/?Butter
Biscuits 259,51,43,Beverages,143,300259,https://source.unsplash.com/300x300/?Biscuits
Chips 260,89,75,Fruits,113,300260,https://source.unsplash.com/300x300/?Chips
Toothpaste 261,21,7,Fruits,108,300261,https://source.unsplash.com/300x300/?Toothpaste
Juice 262,124,123,Bakery,152,300262,https://source.unsplash.com/300x300/?Juice
Milk 263,140,124,Fruits,100,300263,https://source.unsplash.com/300x300/?Milk
Juice 264,183,165,Personal Care,51,300264,https://source.unsplash.com/300x300/?Juice
Banana 265,59,56,Dairy,190,300265,https://source.unsplash.com/300x300/?Banana
Butter 266,217,209,Grocery,130,300266,https://source.unsplash.com/300x300/?Butter
Sugar 267,21,12,Snacks,182,300267,https://source.unsplash.com/300x300/?Sugar
Banana 268,136,131,Personal Care,46,300268,https://source.unsplash.com/300x300/?Banana
Bread 269,57,39,Dairy,45,300269,https://source.unsplash.com/300x300/?Bread
Apple 270,66,50,Dairy,83,300270,https://source.unsplash.com/300x300/?Apple
Eggs 271,70,59,Snacks,177,300271,https://source.unsplash.com/300x300/?Eggs
Milk 272,133,130,Grocery,92,300272,https://source.unsplash.com/300x300/?Milk
Soap 273,130,125,Dairy,85,300273,https://source.unsplash.com/300x300/?Soap
Toothpaste 274,30,23,Grocery,185,300274,https://source.unsplash.com/300x300/?Toothpaste
Apple 275,20,11,Bakery,92,300275,https://source.unsplash.com/300x300/?Apple
Butter 276,125,107,Beverages,29,300276,https://source.unsplash.com/300x300/?Butter
Soap 277,127,116,Snacks,121,300277,https://source.unsplash.com/300x300/?Soap
Shampoo 278,61,56,Personal Care,121,300278,https://source.unsplash.com/300x300/?Shampoo
Soap 279,26,23,Dairy,98,300279,https://source.unsplash.com/300x300/?Soap
Toothpaste 280,90,73,Beverages,41,300280,https://source.unsplash.com/300x300/?Toothpaste
Bread 281,52,49,Personal Care,76,300281,https://source.unsplash.com/300x300/?Bread
Banana 282,159,148,Dairy,163,300282,https://source.unsplash.com/300x300/?Banana
Rice 283,188,170,Fruits,39,300283,https://source.unsplash.com/300x300/?Rice
Rice 284,173,173,Fruits,22,300284,https://source.unsplash.com/300x300/?Rice
Soap 285,182,167,Fruits,45,300285,https://source.unsplash.com/300x300/?Soap
Banana 286,98,86,Personal Care,152,300286,https://source.unsplash.com/300x300/?Banana
Banana 287,180,161,Snacks,10,300287,https://source.unsplash.com/300x300/?Banana
Juice 288,22,9,Dairy,76,300288,https://source.unsplash.com/300x300/?Juice
Cheese 289,26,19,Snacks,13,300289,https://source.unsplash.com/300x300/?Cheese
Apple 290,138,129,Beverages,130,300290,https://source.unsplash.com/300x300/?Apple
Apple 291,181,166,Snacks,97,300291,https://source.unsplash.com/300x300/?Apple
Rice 292,37,30,Bakery,63,300292,https://source.unsplash.com/300x300/?Rice
Chips 293,55,39,Grocery,163,300293,https://source.unsplash.com/300x300/?Chips
Butter 294,142,126,Personal Care,146,300294,https://source.unsplash.com/300x300/?Butter
Juice 295,199,182,Personal Care,65,300295,https://source.unsplash.com/300x300/?Juice
Salt 296,33,27,Grocery,131,300296,https://source.unsplash.com/300x300/?Salt
Banana 297,166,156,Personal Care,59,300297,https://source.unsplash.com/300x300/?Banana
Toothpaste 298,41,38,Fruits,64,300298,https://source.unsplash.com/300x300/?Toothpaste
Chips 299,171,155,Personal Care,173,300299,https://source.unsplash.com/300x300/?Chips
Apple 300,53,35,Fruits,0,300300,https://source.unsplash.com/300x300/?Apple
Chips 301,22,6,Personal Care,103,300301,https://source.unsplash.com/300x300/?Chips
Soap 302,149,142,Personal Care,110,300302,https://source.unsplash.com/300x300/?Soap
Apple 303,172,171,Fruits,75,300303,https://source.unsplash.com/300x300/?Apple
Oil 304,168,163,Grocery,191,300304,https://source.unsplash.com/300x300/?Oil
Butter 305,172,154,Grocery,60,300305,https://source.unsplash.com/300x300/?Butter
Chips 306,162,148,Bakery,53,300306,https://source.unsplash.com/300x300/?Chips
Butter 307,206,187,Personal Care,32,300307,https://source.unsplash.com/300x300/?Butter
Salt 308,209,204,Beverages,10,300308,https://source.unsplash.com/300x300/?Salt
Salt 309,159,147,Snacks,63,300309,https://source.unsplash.com/300x300/?Salt
Eggs 310,217,204,Grocery,105,300310,https://source.unsplash.com/300x300/?Eggs
Milk 311,59,41,Bakery,137,300311,https://source.unsplash.com/300x300/?Milk
Milk 312,52,35,Dairy,81,300312,https://source.unsplash.com/300x300/?Milk
Biscuits 313,83,82,Grocery,174,300313,https://source.unsplash.com/300x300/?Biscuits
Toothpaste 314,219,211,Grocery,43,300314,https://source.unsplash.com/300x300/?Toothpaste
Cheese 315,217,212,Fruits,189,300315,https://source.unsplash.com/300x300/?Cheese
Butter 316,45,27,Beverages,155,300316,https://source.unsplash.com/300x300/?Butter
Salt 317,178,171,Snacks,14,300317,https://source.unsplash.com/300x300/?Salt
Apple 318,205,205,Beverages,167,300318,https://source.unsplash.com/300x300/?Apple
Shampoo 319,41,23,Snacks,197,300319,https://source.unsplash.com/300x300/?Shampoo
Bread 320,113,96,Snacks,121,300320,https://source.unsplash.com/300x300/?Bread
Chips 321,209,194,Snacks,74,300321,https://source.unsplash.com/300x300/?Chips
Toothpaste 322,175,165,Dairy,24,300322,https://source.unsplash.com/300x300/?Toothpaste
Toothpaste 323,164,147,Fruits,167,300323,https://source.unsplash.com/300x300/?Toothpaste
Chips 324,122,115,Bakery,158,300324,https://source.unsplash.com/300x300/?Chips
Shampoo 325,116,101,Grocery,138,300325,https://source.unsplash.com/300x300/?Shampoo
Toothpaste 326,41,37,Personal Care,63,300326,https://source.unsplash.com/300x300/?Toothpaste
Rice 327,121,104,Snacks,168,300327,https://source.unsplash.com/300x300/?Rice
Chips 328,92,75,Personal Care,141,300328,https://source.unsplash.com/300x300/?Chips
Banana 329,162,154,Bakery,145,300329,https://source.unsplash.com/300x300/?Banana
Juice 330,180,167,Fruits,23,300330,https://source.unsplash.com/300x300/?Juice
Oil 331,139,137,Personal Care,195,300331,https://source.unsplash.com/300x300/?Oil
Shampoo 332,164,155,Dairy,143,300332,https://source.unsplash.com/300x300/?Shampoo
Soap 333,200,190,Fruits,132,300333,https://source.unsplash.com/300x300/?Soap
Eggs 334,26,7,Grocery,18,300334,https://source.unsplash.com/300x300/?Eggs
Bread 335,120,110,Grocery,167,300335,https://source.unsplash.com/300x300/?Bread
Juice 336,118,100,Bakery,101,300336,https://source.unsplash.com/300x300/?Juice
Shampoo 337,151,138,Snacks,160,300337,https://source.unsplash.com/300x300/?Shampoo
Shampoo 338,189,189,Fruits,27,300338,https://source.unsplash.com/300x300/?Shampoo
Biscuits 339,157,153,Fruits,147,300339,https://source.unsplash.com/300x300/?Biscuits
Biscuits 340,102,86,Personal Care,49,300340,https://source.unsplash.com/300x300/?Biscuits
Rice 341,114,109,Personal Care,196,300341,https://source.unsplash.com/300x300/?Rice
Soap 342,175,166,Beverages,159,300342,https://source.unsplash.com/300x300/?Soap
Shampoo 343,185,176,Dairy,42,300343,https://source.unsplash.com/300x300/?Shampoo
Shampoo 344,178,159,Bakery,156,300344,https://source.unsplash.com/300x300/?Shampoo
Salt 345,58,39,Fruits,150,300345,https://source.unsplash.com/300x300/?Salt
Rice 346,156,144,Beverages,19,300346,https://source.unsplash.com/300x300/?Rice
Eggs 347,139,126,Personal Care,131,300347,https://source.unsplash.com/300x300/?Eggs
Oil 348,168,149,Personal Care,165,300348,https://source.unsplash.com/300x300/?Oil
Sugar 349,38,19,Snacks,132,300349,https://source.unsplash.com/300x300/?Sugar
Sugar 350,151,150,Bakery,13,300350,https://source.unsplash.com/300x300/?Sugar
Cheese 351,219,204,Dairy,182,300351,https://source.unsplash.com/300x300/?Cheese
Eggs 352,68,59,Personal Care,53,300352,https://source.unsplash.com/300x300/?Eggs
Salt 353,50,45,Grocery,174,300353,https://source.unsplash.com/300x300/?Salt
Chocolate 354,200,186,Beverages,56,300354,https://source.unsplash.com/300x300/?Chocolate
Oil 355,156,146,Fruits,118,300355,https://source.unsplash.com/300x300/?Oil
Banana 356,96,95,Bakery,97,300356,https://source.unsplash.com/300x300/?Banana
Biscuits 357,32,32,Bakery,28,300357,https://source.unsplash.com/300x300/?Biscuits
Sugar 358,170,151,Dairy,199,300358,https://source.unsplash.com/300x300/?Sugar
Juice 359,204,197,Personal Care,155,300359,https://source.unsplash.com/300x300/?Juice
Biscuits 360,211,194,Fruits,178,300360,https://source.unsplash.com/300x300/?Biscuits
Toothpaste 361,212,212,Beverages,20,300361,https://source.unsplash.com/300x300/?Toothpaste
Cheese 362,176,160,Personal Care,180,300362,https://source.unsplash.com/300x300/?Cheese
Juice 363,113,108,Snacks,144,300363,https://source.unsplash.com/300x300/?Juice
Shampoo 364,98,81,Beverages,139,300364,https://source.unsplash.com/300x300/?Shampoo
Eggs 365,75,65,Beverages,35,300365,https://source.unsplash.com/300x300/?Eggs
Rice 366,115,111,Dairy,140,300366,https://source.unsplash.com/300x300/?Rice
Biscuits 367,146,133,Fruits,142,300367,https://source.unsplash.com/300x300/?Biscuits
Soap 368,153,152,Dairy,25,300368,https://source.unsplash.com/300x300/?Soap
Sugar 369,62,43,Snacks,32,300369,https://source.unsplash.com/300x300/?Sugar
Sugar 370,209,196,Bakery,16,300370,https://source.unsplash.com/300x300/?Sugar
Banana 371,129,120,Dairy,110,300371,https://source.unsplash.com/300x300/?Banana
Chips 372,40,21,Snacks,120,300372,https://source.unsplash.com/300x300/?Chips
Sugar 373,74,68,Personal Care,143,300373,https://source.unsplash.com/300x300/?Sugar
Chips 374,81,72,Bakery,113,300374,https://source.unsplash.com/300x300/?Chips
Apple 375,47,33,Bakery,146,300375,https://source.unsplash.com/300x300/?Apple
Salt 376,200,185,Grocery,85,300376,https://source.unsplash.com/300x300/?Salt
Shampoo 377,178,174,Bakery,65,300377,https://source.unsplash.com/300x300/?Shampoo
Apple 378,93,75,Fruits,175,300378,https://source.unsplash.com/300x300/?Apple
Shampoo 379,25,17,Snacks,63,300379,https://source.unsplash.com/300x300/?Shampoo
Juice 380,42,41,Personal Care,182,300380,https://source.unsplash.com/300x300/?Juice
Toothpaste 381,145,140,Personal Care,17,300381,https://source.unsplash.com/300x300/?Toothpaste
Biscuits 382,137,129,Grocery,139,300382,https://source.unsplash.com/300x300/?Biscuits
Banana 383,121,116,Snacks,83,300383,https://source.unsplash.com/300x300/?Banana
Oil 384,106,87,Beverages,43,300384,https://source.unsplash.com/300x300/?Oil
Chocolate 385,119,108,Beverages,82,300385,https://source.unsplash.com/300x300/?Chocolate
Soap 386,62,43,Dairy,113,300386,https://source.unsplash.com/300x300/?Soap
Butter 387,92,88,Beverages,129,300387,https://source.unsplash.com/300x300/?Butter
Chocolate 388,116,98,Fruits,29,300388,https://source.unsplash.com/300x300/?Chocolate
Milk 389,187,187,Snacks,172,300389,https://source.unsplash.com/300x300/?Milk
Shampoo 390,167,148,Bakery,121,300390,https://source.unsplash.com/300x300/?Shampoo
Salt 391,92,83,Fruits,98,300391,https://source.unsplash.com/300x300/?Salt
Banana 392,49,43,Bakery,28,300392,https://source.unsplash.com/300x300/?Banana
Salt 393,200,181,Dairy,120,300393,https://source.unsplash.com/300x300/?Salt
Rice 394,213,195,Grocery,28,300394,https://source.unsplash.com/300x300/?Rice
Oil 395,162,147,Fruits,19,300395,https://source.unsplash.com/300x300/?Oil
Banana 396,77,59,Personal Care,104,300396,https://source.unsplash.com/300x300/?Banana
Juice 397,183,166,Bakery,187,300397,https://source.unsplash.com/300x300/?Juice
Biscuits 398,43,37,Bakery,130,300398,https://source.unsplash.com/300x300/?Biscuits
Juice 399,202,186,Bakery,77,300399,https://source.unsplash.com/300x300/?Juice
Chips 400,132,120,Bakery,65,300400,https://source.unsplash.com/300x300/?Chips
Salt 401,216,202,Bakery,131,300401,https://source.unsplash.com/300x300/?Salt
Chocolate 402,181,170,Grocery,44,300402,https://source.unsplash.com/300x300/?Chocolate
Banana 403,187,172,Snacks,188,300403,https://source.unsplash.com/300x300/?Banana
Chocolate 404,53,50,Snacks,150,300404,https://source.unsplash.com/300x300/?Chocolate
Soap 405,182,180,Grocery,108,300405,https://source.unsplash.com/300x300/?Soap
Biscuits 406,38,19,Bakery,167,300406,https://source.unsplash.com/300x300/?Biscuits
Chocolate 407,216,198,Fruits,154,300407,https://source.unsplash.com/300x300/?Chocolate
Oil 408,143,133,Grocery,56,300408,https://source.unsplash.com/300x300/?Oil
Juice 409,28,15,Fruits,126,300409,https://source.unsplash.com/300x300/?Juice
Chips 410,189,184,Fruits,11,300410,https://source.unsplash.com/300x300/?Chips
Cheese 411,76,66,Grocery,171,300411,https://source.unsplash.com/300x300/?Cheese
Oil 412,23,17,Fruits,186,300412,https://source.unsplash.com/300x300/?Oil
Butter 413,131,131,Dairy,185,300413,https://source.unsplash.com/300x300/?Butter
Rice 414,50,31,Dairy,168,300414,https://source.unsplash.com/300x300/?Rice
Chips 415,218,218,Fruits,140,300415,https://source.unsplash.com/300x300/?Chips
Cheese 416,134,127,Personal Care,96,300416,https://source.unsplash.com/300x300/?Cheese
Salt 417,129,127,Grocery,112,300417,https://source.unsplash.com/300x300/?Salt
Salt 418,107,98,Fruits,17,300418,https://source.unsplash.com/300x300/?Salt
Cheese 419,29,21,Personal Care,84,300419,https://source.unsplash.com/300x300/?Cheese
Juice 420,99,84,Dairy,65,300420,https://source.unsplash.com/300x300/?Juice
Oil 421,87,84,Grocery,136,300421,https://source.unsplash.com/300x300/?Oil
Soap 422,152,141,Beverages,19,300422,https://source.unsplash.com/300x300/?Soap
Salt 423,147,129,Snacks,156,300423,https://source.unsplash.com/300x300/?Salt
Biscuits 424,169,158,Fruits,71,300424,https://source.unsplash.com/300x300/?Biscuits
Apple 425,193,176,Beverages,190,300425,https://source.unsplash.com/300x300/?Apple
Biscuits 426,29,22,Snacks,56,300426,https://source.unsplash.com/300x300/?Biscuits
Juice 427,193,183,Beverages,142,300427,https://source.unsplash.com/300x300/?Juice
Salt 428,84,83,Beverages,91,300428,https://source.unsplash.com/300x300/?Salt
Soap 429,202,202,Fruits,90,300429,https://source.unsplash.com/300x300/?Soap
Sugar 430,137,118,Grocery,30,300430,https://source.unsplash.com/300x300/?Sugar
Soap 431,173,169,Beverages,153,300431,https://source.unsplash.com/300x300/?Soap
Salt 432,56,37,Grocery,57,300432,https://source.unsplash.com/300x300/?Salt
Shampoo 433,20,15,Personal Care,49,300433,https://source.unsplash.com/300x300/?Shampoo
Salt 434,42,42,Snacks,62,300434,https://source.unsplash.com/300x300/?Salt
Shampoo 435,80,70,Beverages,10,300435,https://source.unsplash.com/300x300/?Shampoo
Shampoo 436,74,69,Dairy,32,300436,https://source.unsplash.com/300x300/?Shampoo
Eggs 437,38,30,Bakery,91,300437,https://source.unsplash.com/300x300/?Eggs
Eggs 438,217,214,Fruits,105,300438,https://source.unsplash.com/300x300/?Eggs
Chocolate 439,217,204,Fruits,37,300439,https://source.unsplash.com/300x300/?Chocolate
Juice 440,158,142,Personal Care,143,300440,https://source.unsplash.com/300x300/?Juice
Eggs 441,176,176,Snacks,145,300441,https://source.unsplash.com/300x300/?Eggs
Cheese 442,134,134,Grocery,135,300442,https://source.unsplash.com/300x300/?Cheese
Salt 443,71,59,Snacks,189,300443,https://source.unsplash.com/300x300/?Salt
Salt 444,125,125,Fruits,55,300444,https://source.unsplash.com/300x300/?Salt
Juice 445,75,57,Fruits,143,300445,https://source.unsplash.com/300x300/?Juice
Chips 446,150,144,Beverages,100,300446,https://source.unsplash.com/300x300/?Chips
Butter 447,88,74,Bakery,58,300447,https://source.unsplash.com/300x300/?Butter
Bread 448,178,178,Dairy,69,300448,https://source.unsplash.com/300x300/?Bread
Butter 449,157,154,Bakery,1,300449,https://source.unsplash.com/300x300/?Butter
Toothpaste 450,165,150,Bakery,49,300450,https://source.unsplash.com/300x300/?Toothpaste
Toothpaste 451,31,24,Fruits,60,300451,https://source.unsplash.com/300x300/?Toothpaste
Apple 452,155,144,Bakery,94,300452,https://source.unsplash.com/300x300/?Apple
Toothpaste 453,204,196,Dairy,105,300453,https://source.unsplash.com/300x300/?Toothpaste
Chips 454,155,144,Bakery,17,300454,https://source.unsplash.com/300x300/?Chips
Juice 455,176,164,Personal Care,98,300455,https://source.unsplash.com/300x300/?Juice
Milk 456,95,88,Grocery,75,300456,https://source.unsplash.com/300x300/?Milk
Apple 457,31,25,Personal Care,8,300457,https://source.unsplash.com/300x300/?Apple
Soap 458,49,35,Dairy,194,300458,https://source.unsplash.com/300x300/?Soap
Chips 459,95,93,Snacks,155,300459,https://source.unsplash.com/300x300/?Chips
Chips 460,180,161,Snacks,81,300460,https://source.unsplash.com/300x300/?Chips
Eggs 461,65,60,Bakery,129,300461,https://source.unsplash.com/300x300/?Eggs
Banana 462,45,36,Snacks,22,300462,https://source.unsplash.com/300x300/?Banana
Biscuits 463,138,122,Fruits,137,300463,https://source.unsplash.com/300x300/?Biscuits
Sugar 464,103,84,Grocery,121,300464,https://source.unsplash.com/300x300/?Sugar
Chips 465,173,155,Snacks,73,300465,https://source.unsplash.com/300x300/?Chips
Chips 466,104,103,Grocery,22,300466,https://source.unsplash.com/300x300/?Chips
Apple 467,106,88,Grocery,58,300467,https://source.unsplash.com/300x300/?Apple
Bread 468,105,92,Dairy,142,300468,https://source.unsplash.com/300x300/?Bread
Eggs 469,132,113,Bakery,186,300469,https://source.unsplash.com/300x300/?Eggs
Soap 470,201,191,Bakery,163,300470,https://source.unsplash.com/300x300/?Soap
Toothpaste 471,52,47,Snacks,187,300471,https://source.unsplash.com/300x300/?Toothpaste
Milk 472,148,147,Grocery,155,300472,https://source.unsplash.com/300x300/?Milk
Toothpaste 473,141,127,Beverages,125,300473,https://source.unsplash.com/300x300/?Toothpaste
Milk 474,88,86,Fruits,79,300474,https://source.unsplash.com/300x300/?Milk
Eggs 475,215,206,Beverages,138,300475,https://source.unsplash.com/300x300/?Eggs
Chips 476,127,118,Bakery,179,300476,https://source.unsplash.com/300x300/?Chips
Apple 477,136,122,Personal Care,86,300477,https://source.unsplash.com/300x300/?Apple
Sugar 478,151,134,Snacks,9,300478,https://source.unsplash.com/300x300/?Sugar
Cheese 479,148,136,Dairy,27,300479,https://source.unsplash.com/300x300/?Cheese
Toothpaste 480,95,89,Personal Care,30,300480,https://source.unsplash.com/300x300/?Toothpaste
Cheese 481,114,107,Grocery,166,300481,https://source.unsplash.com/300x300/?Cheese
Apple 482,152,143,Personal Care,179,300482,https://source.unsplash.com/300x300/?Apple
Salt 483,144,142,Fruits,50,300483,https://source.unsplash.com/300x300/?Salt
Shampoo 484,42,34,Dairy,13,300484,https://source.unsplash.com/300x300/?Shampoo
Eggs 485,134,132,Grocery,158,300485,https://source.unsplash.com/300x300/?Eggs
Chocolate 486,148,130,Dairy,164,300486,https://source.unsplash.com/300x300/?Chocolate
Banana 487,81,65,Personal Care,133,300487,https://source.unsplash.com/300x300/?Banana
Chips 488,56,46,Dairy,184,300488,https://source.unsplash.com/300x300/?Chips
Banana 489,131,129,Fruits,74,300489,https://source.unsplash.com/300x300/?Banana
Eggs 490,95,85,Bakery,172,300490,https://source.unsplash.com/300x300/?Eggs
Juice 491,97,95,Grocery,196,300491,https://source.unsplash.com/300x300/?Juice
Juice 492,156,147,Dairy,80,300492,https://source.unsplash.com/300x300/?Juice
Bread 493,81,62,Fruits,110,300493,https://source.unsplash.com/300x300/?Bread
Butter 494,217,212,Beverages,131,300494,https://source.unsplash.com/300x300/?Butter
Juice 495,101,83,Dairy,86,300495,https://source.unsplash.com/300x300/?Juice
Banana 496,131,123,Bakery,67,300496,https://source.unsplash.com/300x300/?Banana
Juice 497,100,92,Personal Care,28,300497,https://source.unsplash.com/300x300/?Juice
Sugar 498,108,108,Fruits,158,300498,https://source.unsplash.com/300x300/?Sugar
Eggs 499,135,135,Snacks,80,300499,https://source.unsplash.com/300x300/?Eggs
Sugar 500,135,129,Bakery,101,300500,https://source.unsplash.com/300x300/?Sugar
Chips 501,53,48,Bakery,35,300501,https://source.unsplash.com/300x300/?Chips
Chips 502,193,190,Bakery,22,300502,https://source.unsplash.com/300x300/?Chips
Banana 503,31,25,Fruits,163,300503,https://source.unsplash.com/300x300/?Banana
Juice 504,129,121,Fruits,135,300504,https://source.unsplash.com/300x300/?Juice
Rice 505,130,128,Dairy,87,300505,https://source.unsplash.com/300x300/?Rice
Chocolate 506,23,14,Personal Care,32,300506,https://source.unsplash.com/300x300/?Chocolate
Rice 507,179,178,Snacks,73,300507,https://source.unsplash.com/300x300/?Rice
Juice 508,37,23,Grocery,91,300508,https://source.unsplash.com/300x300/?Juice
Sugar 509,162,143,Bakery,43,300509,https://source.unsplash.com/300x300/?Sugar
Soap 510,166,148,Personal Care,155,300510,https://source.unsplash.com/300x300/?Soap
Juice 511,69,64,Personal Care,91,300511,https://source.unsplash.com/300x300/?Juice
Sugar 512,186,180,Fruits,166,300512,https://source.unsplash.com/300x300/?Sugar
Toothpaste 513,188,178,Beverages,23,300513,https://source.unsplash.com/300x300/?Toothpaste
Biscuits 514,97,92,Grocery,155,300514,https://source.unsplash.com/300x300/?Biscuits
Oil 515,208,207,Fruits,134,300515,https://source.unsplash.com/300x300/?Oil
Biscuits 516,95,86,Bakery,162,300516,https://source.unsplash.com/300x300/?Biscuits
Chocolate 517,98,83,Beverages,103,300517,https://source.unsplash.com/300x300/?Chocolate
Chocolate 518,28,24,Bakery,77,300518,https://source.unsplash.com/300x300/?Chocolate
Rice 519,105,93,Grocery,168,300519,https://source.unsplash.com/300x300/?Rice
Butter 520,172,165,Snacks,23,300520,https://source.unsplash.com/300x300/?Butter
Sugar 521,38,33,Grocery,147,300521,https://source.unsplash.com/300x300/?Sugar
Soap 522,166,166,Bakery,130,300522,https://source.unsplash.com/300x300/?Soap
Milk 523,196,189,Grocery,152,300523,https://source.unsplash.com/300x300/?Milk
Apple 524,218,205,Beverages,151,300524,https://source.unsplash.com/300x300/?Apple
Butter 525,207,191,Grocery,185,300525,https://source.unsplash.com/300x300/?Butter
Chips 526,97,86,Grocery,39,300526,https://source.unsplash.com/300x300/?Chips
Sugar 527,148,131,Bakery,102,300527,https://source.unsplash.com/300x300/?Sugar
Shampoo 528,64,56,Snacks,182,300528,https://source.unsplash.com/300x300/?Shampoo
Oil 529,163,157,Grocery,33,300529,https://source.unsplash.com/300x300/?Oil
Juice 530,120,114,Fruits,59,300530,https://source.unsplash.com/300x300/?Juice
Salt 531,44,35,Grocery,57,300531,https://source.unsplash.com/300x300/?Salt
Biscuits 532,159,153,Snacks,148,300532,https://source.unsplash.com/300x300/?Biscuits
Milk 533,212,212,Personal Care,103,300533,https://source.unsplash.com/300x300/?Milk
Oil 534,40,34,Fruits,20,300534,https://source.unsplash.com/300x300/?Oil
Sugar 535,126,118,Bakery,1,300535,https://source.unsplash.com/300x300/?Sugar
Toothpaste 536,172,168,Bakery,134,300536,https://source.unsplash.com/300x300/?Toothpaste
Chocolate 537,79,67,Fruits,152,300537,https://source.unsplash.com/300x300/?Chocolate
Toothpaste 538,47,29,Personal Care,74,300538,https://source.unsplash.com/300x300/?Toothpaste
Chocolate 539,147,140,Bakery,155,300539,https://source.unsplash.com/300x300/?Chocolate
Soap 540,36,22,Dairy,51,300540,https://source.unsplash.com/300x300/?Soap
Rice 541,75,70,Grocery,176,300541,https://source.unsplash.com/300x300/?Rice
Chips 542,191,182,Grocery,178,300542,https://source.unsplash.com/300x300/?Chips
Sugar 543,214,214,Fruits,115,300543,https://source.unsplash.com/300x300/?Sugar
Sugar 544,144,144,Snacks,69,300544,https://source.unsplash.com/300x300/?Sugar
Cheese 545,158,146,Grocery,41,300545,https://source.unsplash.com/300x300/?Cheese
Rice 546,66,49,Personal Care,130,300546,https://source.unsplash.com/300x300/?Rice
Salt 547,125,111,Fruits,70,300547,https://source.unsplash.com/300x300/?Salt
Bread 548,147,140,Fruits,37,300548,https://source.unsplash.com/300x300/?Bread
Sugar 549,77,59,Snacks,28,300549,https://source.unsplash.com/300x300/?Sugar
Cheese 550,30,12,Bakery,68,300550,https://source.unsplash.com/300x300/?Cheese
Shampoo 551,74,70,Dairy,58,300551,https://source.unsplash.com/300x300/?Shampoo
Chocolate 552,151,151,Dairy,111,300552,https://source.unsplash.com/300x300/?Chocolate
Soap 553,109,107,Personal Care,124,300553,https://source.unsplash.com/300x300/?Soap
Eggs 554,154,143,Dairy,16,300554,https://source.unsplash.com/300x300/?Eggs
Juice 555,188,188,Snacks,10,300555,https://source.unsplash.com/300x300/?Juice
Sugar 556,113,111,Grocery,29,300556,https://source.unsplash.com/300x300/?Sugar
Chocolate 557,173,160,Dairy,51,300557,https://source.unsplash.com/300x300/?Chocolate
Salt 558,102,95,Fruits,130,300558,https://source.unsplash.com/300x300/?Salt
Juice 559,187,170,Snacks,10,300559,https://source.unsplash.com/300x300/?Juice
Apple 560,159,152,Snacks,188,300560,https://source.unsplash.com/300x300/?Apple
Chocolate 561,55,37,Snacks,4,300561,https://source.unsplash.com/300x300/?Chocolate
Juice 562,129,126,Fruits,16,300562,https://source.unsplash.com/300x300/?Juice
Apple 563,215,215,Personal Care,113,300563,https://source.unsplash.com/300x300/?Apple
Bread 564,183,173,Snacks,3,300564,https://source.unsplash.com/300x300/?Bread
Bread 565,209,204,Fruits,74,300565,https://source.unsplash.com/300x300/?Bread
Salt 566,129,118,Snacks,63,300566,https://source.unsplash.com/300x300/?Salt
Butter 567,77,72,Personal Care,53,300567,https://source.unsplash.com/300x300/?Butter
Toothpaste 568,79,76,Beverages,16,300568,https://source.unsplash.com/300x300/?Toothpaste
Butter 569,75,75,Dairy,96,300569,https://source.unsplash.com/300x300/?Butter
Rice 570,213,205,Personal Care,167,300570,https://source.unsplash.com/300x300/?Rice
Chips 571,131,114,Personal Care,165,300571,https://source.unsplash.com/300x300/?Chips
Toothpaste 572,86,81,Bakery,171,300572,https://source.unsplash.com/300x300/?Toothpaste
Chocolate 573,128,120,Bakery,5,300573,https://source.unsplash.com/300x300/?Chocolate
Chocolate 574,135,135,Personal Care,146,300574,https://source.unsplash.com/300x300/?Chocolate
Banana 575,58,39,Beverages,14,300575,https://source.unsplash.com/300x300/?Banana
Oil 576,194,179,Snacks,155,300576,https://source.unsplash.com/300x300/?Oil
Toothpaste 577,139,128,Fruits,123,300577,https://source.unsplash.com/300x300/?Toothpaste
Shampoo 578,124,110,Personal Care,78,300578,https://source.unsplash.com/300x300/?Shampoo
Chocolate 579,56,37,Snacks,93,300579,https://source.unsplash.com/300x300/?Chocolate
Bread 580,186,182,Beverages,13,300580,https://source.unsplash.com/300x300/?Bread
Shampoo 581,144,138,Dairy,122,300581,https://source.unsplash.com/300x300/?Shampoo
Butter 582,42,27,Beverages,21,300582,https://source.unsplash.com/300x300/?Butter
Salt 583,55,36,Snacks,143,300583,https://source.unsplash.com/300x300/?Salt
Salt 584,207,204,Grocery,100,300584,https://source.unsplash.com/300x300/?Salt
Soap 585,126,117,Grocery,54,300585,https://source.unsplash.com/300x300/?Soap
Juice 586,147,140,Personal Care,0,300586,https://source.unsplash.com/300x300/?Juice
Soap 587,87,86,Bakery,29,300587,https://source.unsplash.com/300x300/?Soap
Cheese 588,101,86,Beverages,111,300588,https://source.unsplash.com/300x300/?Cheese
Salt 589,40,30,Bakery,143,300589,https://source.unsplash.com/300x300/?Salt
Milk 590,103,95,Grocery,160,300590,https://source.unsplash.com/300x300/?Milk
Chips 591,88,87,Fruits,98,300591,https://source.unsplash.com/300x300/?Chips
Chocolate 592,29,26,Dairy,56,300592,https://source.unsplash.com/300x300/?Chocolate
Cheese 593,173,166,Personal Care,158,300593,https://source.unsplash.com/300x300/?Cheese
Soap 594,156,153,Grocery,55,300594,https://source.unsplash.com/300x300/?Soap
Butter 595,219,211,Bakery,12,300595,https://source.unsplash.com/300x300/?Butter
Apple 596,168,152,Snacks,15,300596,https://source.unsplash.com/300x300/?Apple
Milk 597,23,22,Snacks,148,300597,https://source.unsplash.com/300x300/?Milk
Chips 598,120,102,Personal Care,164,300598,https://source.unsplash.com/300x300/?Chips
Rice 599,113,107,Grocery,103,300599,https://source.unsplash.com/300x300/?Rice
Chips 600,165,155,Snacks,185,300600,https://source.unsplash.com/300x300/?Chips
Salt 601,197,187,Bakery,68,300601,https://source.unsplash.com/300x300/?Salt
Salt 602,94,86,Fruits,151,300602,https://source.unsplash.com/300x300/?Salt
Sugar 603,101,83,Beverages,15,300603,https://source.unsplash.com/300x300/?Sugar
Rice 604,219,217,Personal Care,181,300604,https://source.unsplash.com/300x300/?Rice
Apple 605,117,114,Personal Care,92,300605,https://source.unsplash.com/300x300/?Apple
Soap 606,72,53,Dairy,34,300606,https://source.unsplash.com/300x300/?Soap
Bread 607,48,38,Grocery,101,300607,https://source.unsplash.com/300x300/?Bread
Toothpaste 608,77,68,Personal Care,150,300608,https://source.unsplash.com/300x300/?Toothpaste
Salt 609,180,176,Beverages,135,300609,https://source.unsplash.com/300x300/?Salt
Oil 610,55,51,Dairy,82,300610,https://source.unsplash.com/300x300/?Oil
Butter 611,81,79,Dairy,61,300611,https://source.unsplash.com/300x300/?Butter
Chocolate 612,140,139,Beverages,97,300612,https://source.unsplash.com/300x300/?Chocolate
Shampoo 613,56,47,Beverages,117,300613,https://source.unsplash.com/300x300/?Shampoo
Cheese 614,188,179,Beverages,19,300614,https://source.unsplash.com/300x300/?Cheese
Juice 615,169,156,Grocery,166,300615,https://source.unsplash.com/300x300/?Juice
Chips 616,156,155,Beverages,22,300616,https://source.unsplash.com/300x300/?Chips
Chips 617,191,185,Grocery,181,300617,https://source.unsplash.com/300x300/?Chips
Sugar 618,151,138,Personal Care,123,300618,https://source.unsplash.com/300x300/?Sugar
Rice 619,81,68,Bakery,131,300619,https://source.unsplash.com/300x300/?Rice
Shampoo 620,150,138,Dairy,111,300620,https://source.unsplash.com/300x300/?Shampoo
Toothpaste 621,68,58,Snacks,195,300621,https://source.unsplash.com/300x300/?Toothpaste
Bread 622,86,77,Fruits,127,300622,https://source.unsplash.com/300x300/?Bread
Soap 623,29,23,Personal Care,17,300623,https://source.unsplash.com/300x300/?Soap
Milk 624,161,157,Personal Care,18,300624,https://source.unsplash.com/300x300/?Milk
Apple 625,103,97,Snacks,115,300625,https://source.unsplash.com/300x300/?Apple
Rice 626,43,27,Beverages,75,300626,https://source.unsplash.com/300x300/?Rice
Banana 627,90,88,Grocery,58,300627,https://source.unsplash.com/300x300/?Banana
Rice 628,124,124,Beverages,78,300628,https://source.unsplash.com/300x300/?Rice
Sugar 629,33,16,Grocery,189,300629,https://source.unsplash.com/300x300/?Sugar
Chocolate 630,68,63,Fruits,113,300630,https://source.unsplash.com/300x300/?Chocolate
Toothpaste 631,188,185,Personal Care,5,300631,https://source.unsplash.com/300x300/?Toothpaste
Apple 632,79,64,Bakery,35,300632,https://source.unsplash.com/300x300/?Apple
Toothpaste 633,48,45,Snacks,101,300633,https://source.unsplash.com/300x300/?Toothpaste
Chips 634,39,21,Personal Care,177,300634,https://source.unsplash.com/300x300/?Chips
Shampoo 635,34,17,Beverages,79,300635,https://source.unsplash.com/300x300/?Shampoo
Sugar 636,156,155,Fruits,11,300636,https://source.unsplash.com/300x300/?Sugar
Cheese 637,88,82,Grocery,137,300637,https://source.unsplash.com/300x300/?Cheese
Milk 638,102,84,Grocery,154,300638,https://source.unsplash.com/300x300/?Milk
Biscuits 639,178,167,Fruits,43,300639,https://source.unsplash.com/300x300/?Biscuits
Shampoo 640,52,43,Beverages,127,300640,https://source.unsplash.com/300x300/?Shampoo
Toothpaste 641,210,207,Fruits,5,300641,https://source.unsplash.com/300x300/?Toothpaste
Bread 642,127,125,Dairy,3,300642,https://source.unsplash.com/300x300/?Bread
Bread 643,188,180,Bakery,83,300643,https://source.unsplash.com/300x300/?Bread
Rice 644,125,109,Bakery,164,300644,https://source.unsplash.com/300x300/?Rice
Juice 645,139,132,Bakery,33,300645,https://source.unsplash.com/300x300/?Juice
Shampoo 646,103,86,Personal Care,61,300646,https://source.unsplash.com/300x300/?Shampoo
Banana 647,155,151,Fruits,77,300647,https://source.unsplash.com/300x300/?Banana
Eggs 648,78,76,Personal Care,5,300648,https://source.unsplash.com/300x300/?Eggs
Toothpaste 649,103,88,Dairy,116,300649,https://source.unsplash.com/300x300/?Toothpaste
Chips 650,93,80,Fruits,21,300650,https://source.unsplash.com/300x300/?Chips
Chips 651,179,168,Fruits,18,300651,https://source.unsplash.com/300x300/?Chips
Toothpaste 652,145,127,Beverages,178,300652,https://source.unsplash.com/300x300/?Toothpaste
Juice 653,144,129,Dairy,194,300653,https://source.unsplash.com/300x300/?Juice
Chocolate 654,158,154,Snacks,183,300654,https://source.unsplash.com/300x300/?Chocolate
Eggs 655,145,126,Beverages,156,300655,https://source.unsplash.com/300x300/?Eggs
Soap 656,171,163,Snacks,76,300656,https://source.unsplash.com/300x300/?Soap
Sugar 657,99,86,Grocery,110,300657,https://source.unsplash.com/300x300/?Sugar
Banana 658,217,198,Grocery,18,300658,https://source.unsplash.com/300x300/?Banana
Juice 659,48,33,Dairy,125,300659,https://source.unsplash.com/300x300/?Juice
Rice 660,197,195,Grocery,98,300660,https://source.unsplash.com/300x300/?Rice
Oil 661,80,76,Grocery,18,300661,https://source.unsplash.com/300x300/?Oil
Chips 662,43,33,Grocery,8,300662,https://source.unsplash.com/300x300/?Chips
Butter 663,24,19,Grocery,88,300663,https://source.unsplash.com/300x300/?Butter
Milk 664,173,161,Bakery,120,300664,https://source.unsplash.com/300x300/?Milk
Butter 665,174,166,Bakery,42,300665,https://source.unsplash.com/300x300/?Butter
Shampoo 666,173,171,Personal Care,29,300666,https://source.unsplash.com/300x300/?Shampoo
Juice 667,200,195,Snacks,199,300667,https://source.unsplash.com/300x300/?Juice
Apple 668,62,45,Dairy,123,300668,https://source.unsplash.com/300x300/?Apple
Chocolate 669,50,33,Snacks,83,300669,https://source.unsplash.com/300x300/?Chocolate
Cheese 670,71,56,Snacks,118,300670,https://source.unsplash.com/300x300/?Cheese
Eggs 671,37,20,Bakery,198,300671,https://source.unsplash.com/300x300/?Eggs
Milk 672,33,16,Fruits,33,300672,https://source.unsplash.com/300x300/?Milk
Shampoo 673,190,175,Beverages,97,300673,https://source.unsplash.com/300x300/?Shampoo
Shampoo 674,194,181,Personal Care,46,300674,https://source.unsplash.com/300x300/?Shampoo
Chocolate 675,32,30,Personal Care,128,300675,https://source.unsplash.com/300x300/?Chocolate
Toothpaste 676,35,26,Dairy,75,300676,https://source.unsplash.com/300x300/?Toothpaste
Chocolate 677,26,21,Personal Care,186,300677,https://source.unsplash.com/300x300/?Chocolate
Butter 678,110,106,Grocery,51,300678,https://source.unsplash.com/300x300/?Butter
Cheese 679,155,152,Fruits,8,300679,https://source.unsplash.com/300x300/?Cheese
Toothpaste 680,84,77,Snacks,7,300680,https://source.unsplash.com/300x300/?Toothpaste
Sugar 681,165,159,Dairy,142,300681,https://source.unsplash.com/300x300/?Sugar
Juice 682,69,56,Personal Care,187,300682,https://source.unsplash.com/300x300/?Juice
Chocolate 683,160,144,Personal Care,23,300683,https://source.unsplash.com/300x300/?Chocolate
Apple 684,62,47,Grocery,148,300684,https://source.unsplash.com/300x300/?Apple
Rice 685,198,184,Dairy,93,300685,https://source.unsplash.com/300x300/?Rice
Eggs 686,170,160,Grocery,189,300686,https://source.unsplash.com/300x300/?Eggs
Rice 687,86,67,Snacks,119,300687,https://source.unsplash.com/300x300/?Rice
Soap 688,97,90,Dairy,76,300688,https://source.unsplash.com/300x300/?Soap
Eggs 689,96,82,Dairy,2,300689,https://source.unsplash.com/300x300/?Eggs
Chocolate 690,218,207,Bakery,153,300690,https://source.unsplash.com/300x300/?Chocolate
Rice 691,177,168,Personal Care,99,300691,https://source.unsplash.com/300x300/?Rice
Juice 692,125,118,Fruits,12,300692,https://source.unsplash.com/300x300/?Juice
Eggs 693,118,102,Bakery,5,300693,https://source.unsplash.com/300x300/?Eggs
Sugar 694,219,218,Dairy,60,300694,https://source.unsplash.com/300x300/?Sugar
Chocolate 695,62,50,Snacks,17,300695,https://source.unsplash.com/300x300/?Chocolate
Cheese 696,169,152,Grocery,41,300696,https://source.unsplash.com/300x300/?Cheese
Sugar 697,218,209,Snacks,171,300697,https://source.unsplash.com/300x300/?Sugar
Shampoo 698,133,131,Fruits,99,300698,https://source.unsplash.com/300x300/?Shampoo
Apple 699,95,76,Beverages,152,300699,https://source.unsplash.com/300x300/?Apple
Bread 700,32,15,Bakery,66,300700,https://source.unsplash.com/300x300/?Bread
Salt 701,43,32,Fruits,180,300701,https://source.unsplash.com/300x300/?Salt
Eggs 702,32,16,Beverages,83,300702,https://source.unsplash.com/300x300/?Eggs
Eggs 703,197,194,Beverages,118,300703,https://source.unsplash.com/300x300/?Eggs
Butter 704,25,18,Grocery,179,300704,https://source.unsplash.com/300x300/?Butter
Banana 705,167,152,Dairy,28,300705,https://source.unsplash.com/300x300/?Banana
Milk 706,185,174,Beverages,103,300706,https://source.unsplash.com/300x300/?Milk
Chips 707,175,170,Snacks,171,300707,https://source.unsplash.com/300x300/?Chips
Toothpaste 708,163,147,Personal Care,51,300708,https://source.unsplash.com/300x300/?Toothpaste
Eggs 709,24,8,Bakery,42,300709,https://source.unsplash.com/300x300/?Eggs
Shampoo 710,153,141,Snacks,68,300710,https://source.unsplash.com/300x300/?Shampoo
Apple 711,213,204,Dairy,166,300711,https://source.unsplash.com/300x300/?Apple
Bread 712,183,178,Dairy,121,300712,https://source.unsplash.com/300x300/?Bread
Juice 713,79,77,Beverages,168,300713,https://source.unsplash.com/300x300/?Juice
Sugar 714,189,177,Bakery,156,300714,https://source.unsplash.com/300x300/?Sugar
Sugar 715,60,47,Bakery,41,300715,https://source.unsplash.com/300x300/?Sugar
Banana 716,75,61,Bakery,136,300716,https://source.unsplash.com/300x300/?Banana
Milk 717,152,149,Snacks,127,300717,https://source.unsplash.com/300x300/?Milk
Sugar 718,159,148,Beverages,98,300718,https://source.unsplash.com/300x300/?Sugar
Sugar 719,37,23,Beverages,34,300719,https://source.unsplash.com/300x300/?Sugar
Biscuits 720,125,123,Bakery,139,300720,https://source.unsplash.com/300x300/?Biscuits
Eggs 721,134,122,Dairy,67,300721,https://source.unsplash.com/300x300/?Eggs
Juice 722,123,113,Grocery,86,300722,https://source.unsplash.com/300x300/?Juice
Chips 723,166,150,Snacks,22,300723,https://source.unsplash.com/300x300/?Chips
Butter 724,122,106,Bakery,105,300724,https://source.unsplash.com/300x300/?Butter
Bread 725,136,128,Beverages,172,300725,https://source.unsplash.com/300x300/?Bread
Rice 726,68,53,Grocery,117,300726,https://source.unsplash.com/300x300/?Rice
Eggs 727,184,184,Dairy,8,300727,https://source.unsplash.com/300x300/?Eggs
Shampoo 728,112,109,Grocery,113,300728,https://source.unsplash.com/300x300/?Shampoo
Chips 729,91,73,Dairy,74,300729,https://source.unsplash.com/300x300/?Chips
Shampoo 730,162,147,Fruits,75,300730,https://source.unsplash.com/300x300/?Shampoo
Butter 731,155,143,Personal Care,51,300731,https://source.unsplash.com/300x300/?Butter
Juice 732,42,27,Beverages,18,300732,https://source.unsplash.com/300x300/?Juice
Oil 733,146,127,Fruits,27,300733,https://source.unsplash.com/300x300/?Oil
Apple 734,40,35,Snacks,37,300734,https://source.unsplash.com/300x300/?Apple
Apple 735,129,112,Grocery,172,300735,https://source.unsplash.com/300x300/?Apple
Biscuits 736,219,213,Personal Care,151,300736,https://source.unsplash.com/300x300/?Biscuits
Biscuits 737,124,116,Personal Care,193,300737,https://source.unsplash.com/300x300/?Biscuits
Eggs 738,64,62,Fruits,26,300738,https://source.unsplash.com/300x300/?Eggs
Chips 739,69,57,Dairy,60,300739,https://source.unsplash.com/300x300/?Chips
Shampoo 740,200,198,Beverages,124,300740,https://source.unsplash.com/300x300/?Shampoo
Rice 741,27,12,Personal Care,37,300741,https://source.unsplash.com/300x300/?Rice
Salt 742,60,60,Snacks,163,300742,https://source.unsplash.com/300x300/?Salt
Chips 743,27,11,Dairy,165,300743,https://source.unsplash.com/300x300/?Chips
Toothpaste 744,185,182,Grocery,135,300744,https://source.unsplash.com/300x300/?Toothpaste
Biscuits 745,201,185,Beverages,196,300745,https://source.unsplash.com/300x300/?Biscuits
Bread 746,116,110,Snacks,122,300746,https://source.unsplash.com/300x300/?Bread
Sugar 747,36,20,Personal Care,99,300747,https://source.unsplash.com/300x300/?Sugar
Apple 748,151,138,Personal Care,4,300748,https://source.unsplash.com/300x300/?Apple
Milk 749,102,100,Bakery,148,300749,https://source.unsplash.com/300x300/?Milk
Chocolate 750,198,196,Personal Care,55,300750,https://source.unsplash.com/300x300/?Chocolate
Chocolate 751,76,69,Beverages,157,300751,https://source.unsplash.com/300x300/?Chocolate
Cheese 752,147,131,Personal Care,125,300752,https://source.unsplash.com/300x300/?Cheese
Chips 753,55,54,Snacks,191,300753,https://source.unsplash.com/300x300/?Chips
Apple 754,77,67,Snacks,9,300754,https://source.unsplash.com/300x300/?Apple
Toothpaste 755,137,124,Dairy,188,300755,https://source.unsplash.com/300x300/?Toothpaste
Toothpaste 756,201,196,Dairy,152,300756,https://source.unsplash.com/300x300/?Toothpaste
Bread 757,76,65,Bakery,162,300757,https://source.unsplash.com/300x300/?Bread
Sugar 758,93,83,Snacks,63,300758,https://source.unsplash.com/300x300/?Sugar
Shampoo 759,63,54,Dairy,173,300759,https://source.unsplash.com/300x300/?Shampoo
Cheese 760,86,85,Dairy,187,300760,https://source.unsplash.com/300x300/?Cheese
Apple 761,75,63,Grocery,114,300761,https://source.unsplash.com/300x300/?Apple
Butter 762,82,80,Grocery,189,300762,https://source.unsplash.com/300x300/?Butter
Apple 763,107,99,Beverages,75,300763,https://source.unsplash.com/300x300/?Apple
Biscuits 764,42,26,Beverages,29,300764,https://source.unsplash.com/300x300/?Biscuits
Sugar 765,194,175,Beverages,86,300765,https://source.unsplash.com/300x300/?Sugar
Banana 766,161,144,Beverages,154,300766,https://source.unsplash.com/300x300/?Banana
Salt 767,76,72,Dairy,77,300767,https://source.unsplash.com/300x300/?Salt
Milk 768,134,128,Dairy,174,300768,https://source.unsplash.com/300x300/?Milk
Chocolate 769,183,178,Snacks,119,300769,https://source.unsplash.com/300x300/?Chocolate
Rice 770,111,97,Bakery,107,300770,https://source.unsplash.com/300x300/?Rice
Oil 771,174,161,Personal Care,153,300771,https://source.unsplash.com/300x300/?Oil
Biscuits 772,193,174,Snacks,57,300772,https://source.unsplash.com/300x300/?Biscuits
Apple 773,167,159,Beverages,86,300773,https://source.unsplash.com/300x300/?Apple
Sugar 774,58,41,Snacks,169,300774,https://source.unsplash.com/300x300/?Sugar
Bread 775,169,155,Beverages,102,300775,https://source.unsplash.com/300x300/?Bread
Oil 776,40,29,Beverages,105,300776,https://source.unsplash.com/300x300/?Oil
Sugar 777,77,62,Grocery,34,300777,https://source.unsplash.com/300x300/?Sugar
Rice 778,85,82,Fruits,25,300778,https://source.unsplash.com/300x300/?Rice
Banana 779,172,172,Dairy,59,300779,https://source.unsplash.com/300x300/?Banana
Soap 780,176,170,Fruits,5,300780,https://source.unsplash.com/300x300/?Soap
Chips 781,145,126,Grocery,163,300781,https://source.unsplash.com/300x300/?Chips
Salt 782,193,185,Personal Care,62,300782,https://source.unsplash.com/300x300/?Salt
Cheese 783,157,144,Bakery,20,300783,https://source.unsplash.com/300x300/?Cheese
Oil 784,158,148,Fruits,117,300784,https://source.unsplash.com/300x300/?Oil
Biscuits 785,27,17,Fruits,185,300785,https://source.unsplash.com/300x300/?Biscuits
Toothpaste 786,81,80,Fruits,64,300786,https://source.unsplash.com/300x300/?Toothpaste
Juice 787,117,100,Bakery,199,300787,https://source.unsplash.com/300x300/?Juice
Eggs 788,177,171,Fruits,31,300788,https://source.unsplash.com/300x300/?Eggs
Butter 789,210,194,Snacks,80,300789,https://source.unsplash.com/300x300/?Butter
Apple 790,31,16,Beverages,90,300790,https://source.unsplash.com/300x300/?Apple
Bread 791,171,152,Fruits,63,300791,https://source.unsplash.com/300x300/?Bread
Butter 792,157,146,Dairy,102,300792,https://source.unsplash.com/300x300/?Butter
Salt 793,182,178,Bakery,114,300793,https://source.unsplash.com/300x300/?Salt
Juice 794,212,200,Fruits,7,300794,https://source.unsplash.com/300x300/?Juice
Eggs 795,57,47,Dairy,184,300795,https://source.unsplash.com/300x300/?Eggs
Salt 796,114,101,Bakery,70,300796,https://source.unsplash.com/300x300/?Salt
Rice 797,71,62,Bakery,181,300797,https://source.unsplash.com/300x300/?Rice
Eggs 798,54,52,Fruits,111,300798,https://source.unsplash.com/300x300/?Eggs
Biscuits 799,78,78,Bakery,114,300799,https://source.unsplash.com/300x300/?Biscuits
Rice 800,21,14,Beverages,15,300800,https://source.unsplash.com/300x300/?Rice
Butter 801,206,202,Dairy,197,300801,https://source.unsplash.com/300x300/?Butter
Oil 802,92,89,Beverages,28,300802,https://source.unsplash.com/300x300/?Oil
Oil 803,36,18,Dairy,42,300803,https://source.unsplash.com/300x300/?Oil
Salt 804,138,120,Dairy,12,300804,https://source.unsplash.com/300x300/?Salt
Oil 805,206,205,Bakery,186,300805,https://source.unsplash.com/300x300/?Oil
Apple 806,70,64,Personal Care,6,300806,https://source.unsplash.com/300x300/?Apple
Cheese 807,75,75,Snacks,6,300807,https://source.unsplash.com/300x300/?Cheese
Sugar 808,44,37,Dairy,158,300808,https://source.unsplash.com/300x300/?Sugar
Milk 809,79,74,Grocery,183,300809,https://source.unsplash.com/300x300/?Milk
Shampoo 810,64,45,Beverages,57,300810,https://source.unsplash.com/300x300/?Shampoo
Cheese 811,57,41,Beverages,190,300811,https://source.unsplash.com/300x300/?Cheese
Sugar 812,218,215,Grocery,79,300812,https://source.unsplash.com/300x300/?Sugar
Rice 813,116,116,Grocery,149,300813,https://source.unsplash.com/300x300/?Rice
Sugar 814,125,111,Grocery,51,300814,https://source.unsplash.com/300x300/?Sugar
Butter 815,124,120,Beverages,114,300815,https://source.unsplash.com/300x300/?Butter
Rice 816,180,167,Fruits,65,300816,https://source.unsplash.com/300x300/?Rice
Chips 817,186,167,Dairy,104,300817,https://source.unsplash.com/300x300/?Chips
Cheese 818,24,9,Fruits,192,300818,https://source.unsplash.com/300x300/?Cheese
Cheese 819,179,164,Personal Care,162,300819,https://source.unsplash.com/300x300/?Cheese
Apple 820,123,109,Fruits,194,300820,https://source.unsplash.com/300x300/?Apple
Rice 821,149,131,Dairy,186,300821,https://source.unsplash.com/300x300/?Rice
Apple 822,163,155,Beverages,17,300822,https://source.unsplash.com/300x300/?Apple
Toothpaste 823,136,128,Snacks,8,300823,https://source.unsplash.com/300x300/?Toothpaste
Sugar 824,163,151,Snacks,140,300824,https://source.unsplash.com/300x300/?Sugar
Sugar 825,128,125,Bakery,19,300825,https://source.unsplash.com/300x300/?Sugar
Butter 826,67,66,Dairy,134,300826,https://source.unsplash.com/300x300/?Butter
Biscuits 827,117,111,Fruits,40,300827,https://source.unsplash.com/300x300/?Biscuits
Salt 828,32,31,Fruits,153,300828,https://source.unsplash.com/300x300/?Salt
Eggs 829,40,27,Snacks,93,300829,https://source.unsplash.com/300x300/?Eggs
Shampoo 830,63,48,Snacks,93,300830,https://source.unsplash.com/300x300/?Shampoo
Oil 831,110,96,Bakery,6,300831,https://source.unsplash.com/300x300/?Oil
Salt 832,129,127,Fruits,131,300832,https://source.unsplash.com/300x300/?Salt
Shampoo 833,164,162,Grocery,35,300833,https://source.unsplash.com/300x300/?Shampoo
Soap 834,171,159,Snacks,180,300834,https://source.unsplash.com/300x300/?Soap
Toothpaste 835,152,146,Bakery,156,300835,https://source.unsplash.com/300x300/?Toothpaste
Toothpaste 836,176,174,Snacks,143,300836,https://source.unsplash.com/300x300/?Toothpaste
Banana 837,156,138,Grocery,42,300837,https://source.unsplash.com/300x300/?Banana
Salt 838,133,120,Snacks,170,300838,https://source.unsplash.com/300x300/?Salt
Apple 839,42,34,Grocery,6,300839,https://source.unsplash.com/300x300/?Apple
Biscuits 840,188,169,Snacks,118,300840,https://source.unsplash.com/300x300/?Biscuits
Butter 841,208,208,Fruits,175,300841,https://source.unsplash.com/300x300/?Butter
Oil 842,75,66,Dairy,7,300842,https://source.unsplash.com/300x300/?Oil
Cheese 843,75,74,Beverages,72,300843,https://source.unsplash.com/300x300/?Cheese
Chocolate 844,151,132,Dairy,37,300844,https://source.unsplash.com/300x300/?Chocolate
Chips 845,186,179,Personal Care,52,300845,https://source.unsplash.com/300x300/?Chips
Chips 846,104,90,Snacks,4,300846,https://source.unsplash.com/300x300/?Chips
Milk 847,113,105,Personal Care,148,300847,https://source.unsplash.com/300x300/?Milk
Bread 848,164,163,Grocery,54,300848,https://source.unsplash.com/300x300/?Bread
Cheese 849,62,50,Dairy,191,300849,https://source.unsplash.com/300x300/?Cheese
Milk 850,147,140,Fruits,22,300850,https://source.unsplash.com/300x300/?Milk
Salt 851,112,108,Fruits,156,300851,https://source.unsplash.com/300x300/?Salt
Banana 852,162,154,Bakery,163,300852,https://source.unsplash.com/300x300/?Banana
Rice 853,117,112,Snacks,111,300853,https://source.unsplash.com/300x300/?Rice
Milk 854,167,154,Snacks,83,300854,https://source.unsplash.com/300x300/?Milk
Milk 855,105,89,Personal Care,23,300855,https://source.unsplash.com/300x300/?Milk
Sugar 856,44,41,Fruits,7,300856,https://source.unsplash.com/300x300/?Sugar
Shampoo 857,62,46,Beverages,86,300857,https://source.unsplash.com/300x300/?Shampoo
Milk 858,50,34,Dairy,168,300858,https://source.unsplash.com/300x300/?Milk
Rice 859,214,198,Beverages,163,300859,https://source.unsplash.com/300x300/?Rice
Chips 860,138,122,Dairy,47,300860,https://source.unsplash.com/300x300/?Chips
Chips 861,204,200,Grocery,115,300861,https://source.unsplash.com/300x300/?Chips
Banana 862,133,114,Fruits,51,300862,https://source.unsplash.com/300x300/?Banana
Sugar 863,117,105,Dairy,78,300863,https://source.unsplash.com/300x300/?Sugar
Butter 864,41,27,Dairy,141,300864,https://source.unsplash.com/300x300/?Butter
Butter 865,76,63,Bakery,138,300865,https://source.unsplash.com/300x300/?Butter
Apple 866,172,162,Bakery,96,300866,https://source.unsplash.com/300x300/?Apple
Salt 867,98,94,Personal Care,174,300867,https://source.unsplash.com/300x300/?Salt
Eggs 868,189,187,Dairy,131,300868,https://source.unsplash.com/300x300/?Eggs
Bread 869,145,140,Snacks,122,300869,https://source.unsplash.com/300x300/?Bread
Apple 870,167,150,Fruits,54,300870,https://source.unsplash.com/300x300/?Apple
Oil 871,218,218,Beverages,167,300871,https://source.unsplash.com/300x300/?Oil
Cheese 872,23,21,Dairy,131,300872,https://source.unsplash.com/300x300/?Cheese
Soap 873,92,89,Grocery,88,300873,https://source.unsplash.com/300x300/?Soap
Juice 874,104,95,Snacks,172,300874,https://source.unsplash.com/300x300/?Juice
Oil 875,86,67,Bakery,15,300875,https://source.unsplash.com/300x300/?Oil
Banana 876,170,170,Grocery,111,300876,https://source.unsplash.com/300x300/?Banana
Milk 877,157,152,Snacks,124,300877,https://source.unsplash.com/300x300/?Milk
Chocolate 878,137,120,Personal Care,122,300878,https://source.unsplash.com/300x300/?Chocolate
Chocolate 879,64,51,Fruits,193,300879,https://source.unsplash.com/300x300/?Chocolate
Soap 880,94,78,Beverages,0,300880,https://source.unsplash.com/300x300/?Soap
Toothpaste 881,39,23,Dairy,177,300881,https://source.unsplash.com/300x300/?Toothpaste
Soap 882,112,100,Fruits,138,300882,https://source.unsplash.com/300x300/?Soap
Juice 883,152,139,Bakery,158,300883,https://source.unsplash.com/300x300/?Juice
Oil 884,163,154,Bakery,31,300884,https://source.unsplash.com/300x300/?Oil
Bread 885,42,39,Personal Care,4,300885,https://source.unsplash.com/300x300/?Bread
Oil 886,151,133,Snacks,16,300886,https://source.unsplash.com/300x300/?Oil
Chips 887,123,105,Snacks,165,300887,https://source.unsplash.com/300x300/?Chips
Sugar 888,110,110,Snacks,42,300888,https://source.unsplash.com/300x300/?Sugar
Sugar 889,58,46,Beverages,42,300889,https://source.unsplash.com/300x300/?Sugar
Cheese 890,25,7,Bakery,37,300890,https://source.unsplash.com/300x300/?Cheese
Chocolate 891,190,172,Snacks,45,300891,https://source.unsplash.com/300x300/?Chocolate
Butter 892,189,186,Bakery,68,300892,https://source.unsplash.com/300x300/?Butter
Biscuits 893,56,37,Grocery,45,300893,https://source.unsplash.com/300x300/?Biscuits
Chocolate 894,89,71,Personal Care,38,300894,https://source.unsplash.com/300x300/?Chocolate
Bread 895,144,135,Dairy,23,300895,https://source.unsplash.com/300x300/?Bread
Butter 896,133,121,Beverages,192,300896,https://source.unsplash.com/300x300/?Butter
Toothpaste 897,143,134,Beverages,177,300897,https://source.unsplash.com/300x300/?Toothpaste
Apple 898,146,140,Bakery,93,300898,https://source.unsplash.com/300x300/?Apple
Apple 899,25,23,Dairy,191,300899,https://source.unsplash.com/300x300/?Apple
Cheese 900,201,194,Personal Care,29,300900,https://source.unsplash.com/300x300/?Cheese
Chocolate 901,121,114,Fruits,74,300901,https://source.unsplash.com/300x300/?Chocolate
Toothpaste 902,175,159,Personal Care,151,300902,https://source.unsplash.com/300x300/?Toothpaste
Salt 903,59,46,Beverages,85,300903,https://source.unsplash.com/300x300/?Salt
Toothpaste 904,169,154,Bakery,36,300904,https://source.unsplash.com/300x300/?Toothpaste
Salt 905,174,155,Snacks,183,300905,https://source.unsplash.com/300x300/?Salt
Chocolate 906,123,112,Fruits,43,300906,https://source.unsplash.com/300x300/?Chocolate
Shampoo 907,216,202,Dairy,119,300907,https://source.unsplash.com/300x300/?Shampoo
Toothpaste 908,185,172,Snacks,133,300908,https://source.unsplash.com/300x300/?Toothpaste
Juice 909,82,73,Fruits,177,300909,https://source.unsplash.com/300x300/?Juice
Biscuits 910,53,45,Snacks,88,300910,https://source.unsplash.com/300x300/?Biscuits
Oil 911,119,100,Beverages,190,300911,https://source.unsplash.com/300x300/?Oil
Rice 912,74,66,Snacks,162,300912,https://source.unsplash.com/300x300/?Rice
Chips 913,110,103,Bakery,170,300913,https://source.unsplash.com/300x300/?Chips
Shampoo 914,85,85,Beverages,116,300914,https://source.unsplash.com/300x300/?Shampoo
Oil 915,187,181,Bakery,63,300915,https://source.unsplash.com/300x300/?Oil
Chocolate 916,64,57,Bakery,125,300916,https://source.unsplash.com/300x300/?Chocolate
Biscuits 917,202,192,Grocery,18,300917,https://source.unsplash.com/300x300/?Biscuits
Butter 918,112,95,Fruits,28,300918,https://source.unsplash.com/300x300/?Butter
Banana 919,65,65,Dairy,189,300919,https://source.unsplash.com/300x300/?Banana
Shampoo 920,84,81,Fruits,39,300920,https://source.unsplash.com/300x300/?Shampoo
Shampoo 921,192,180,Beverages,199,300921,https://source.unsplash.com/300x300/?Shampoo
Soap 922,183,169,Dairy,18,300922,https://source.unsplash.com/300x300/?Soap
Eggs 923,116,110,Personal Care,26,300923,https://source.unsplash.com/300x300/?Eggs
Cheese 924,61,43,Fruits,192,300924,https://source.unsplash.com/300x300/?Cheese
Sugar 925,131,129,Fruits,37,300925,https://source.unsplash.com/300x300/?Sugar
Biscuits 926,32,22,Bakery,160,300926,https://source.unsplash.com/300x300/?Biscuits
Biscuits 927,182,179,Personal Care,71,300927,https://source.unsplash.com/300x300/?Biscuits
Oil 928,159,146,Snacks,57,300928,https://source.unsplash.com/300x300/?Oil
Chips 929,60,45,Personal Care,103,300929,https://source.unsplash.com/300x300/?Chips
Shampoo 930,219,213,Bakery,88,300930,https://source.unsplash.com/300x300/?Shampoo
Butter 931,165,163,Bakery,119,300931,https://source.unsplash.com/300x300/?Butter
Chocolate 932,198,194,Grocery,182,300932,https://source.unsplash.com/300x300/?Chocolate
Chocolate 933,53,53,Bakery,29,300933,https://source.unsplash.com/300x300/?Chocolate
Chips 934,138,134,Grocery,52,300934,https://source.unsplash.com/300x300/?Chips
Shampoo 935,167,152,Fruits,103,300935,https://source.unsplash.com/300x300/?Shampoo
Soap 936,173,154,Beverages,104,300936,https://source.unsplash.com/300x300/?Soap
Rice 937,186,183,Beverages,6,300937,https://source.unsplash.com/300x300/?Rice
Bread 938,26,11,Grocery,168,300938,https://source.unsplash.com/300x300/?Bread
Sugar 939,87,79,Dairy,185,300939,https://source.unsplash.com/300x300/?Sugar
Bread 940,192,187,Fruits,9,300940,https://source.unsplash.com/300x300/?Bread
Cheese 941,97,83,Dairy,97,300941,https://source.unsplash.com/300x300/?Cheese
Toothpaste 942,61,42,Dairy,161,300942,https://source.unsplash.com/300x300/?Toothpaste
Butter 943,151,142,Snacks,37,300943,https://source.unsplash.com/300x300/?Butter
Banana 944,94,84,Dairy,129,300944,https://source.unsplash.com/300x300/?Banana
Eggs 945,107,102,Dairy,53,300945,https://source.unsplash.com/300x300/?Eggs
Toothpaste 946,111,107,Grocery,196,300946,https://source.unsplash.com/300x300/?Toothpaste
Juice 947,47,37,Beverages,24,300947,https://source.unsplash.com/300x300/?Juice
Toothpaste 948,48,39,Snacks,181,300948,https://source.unsplash.com/300x300/?Toothpaste
Banana 949,43,25,Dairy,165,300949,https://source.unsplash.com/300x300/?Banana
Eggs 950,72,55,Personal Care,166,300950,https://source.unsplash.com/300x300/?Eggs
Eggs 951,209,197,Dairy,23,300951,https://source.unsplash.com/300x300/?Eggs
Biscuits 952,116,115,Bakery,159,300952,https://source.unsplash.com/300x300/?Biscuits
Salt 953,95,82,Grocery,17,300953,https://source.unsplash.com/300x300/?Salt
Salt 954,207,200,Dairy,48,300954,https://source.unsplash.com/300x300/?Salt
Butter 955,51,43,Bakery,32,300955,https://source.unsplash.com/300x300/?Butter
Juice 956,20,12,Fruits,62,300956,https://source.unsplash.com/300x300/?Juice
Milk 957,130,111,Personal Care,166,300957,https://source.unsplash.com/300x300/?Milk
Rice 958,177,168,Bakery,64,300958,https://source.unsplash.com/300x300/?Rice
Rice 959,32,14,Snacks,80,300959,https://source.unsplash.com/300x300/?Rice
Apple 960,217,203,Snacks,43,300960,https://source.unsplash.com/300x300/?Apple
Shampoo 961,141,139,Personal Care,66,300961,https://source.unsplash.com/300x300/?Shampoo
Juice 962,103,89,Beverages,136,300962,https://source.unsplash.com/300x300/?Juice
Salt 963,204,191,Personal Care,82,300963,https://source.unsplash.com/300x300/?Salt
Cheese 964,42,24,Bakery,157,300964,https://source.unsplash.com/300x300/?Cheese
Banana 965,60,50,Personal Care,71,300965,https://source.unsplash.com/300x300/?Banana
Cheese 966,174,170,Fruits,38,300966,https://source.unsplash.com/300x300/?Cheese
Toothpaste 967,210,199,Snacks,145,300967,https://source.unsplash.com/300x300/?Toothpaste
Milk 968,82,63,Beverages,109,300968,https://source.unsplash.com/300x300/?Milk
Bread 969,67,58,Fruits,115,300969,https://source.unsplash.com/300x300/?Bread
Cheese 970,79,79,Personal Care,186,300970,https://source.unsplash.com/300x300/?Cheese
Salt 971,118,110,Grocery,117,300971,https://source.unsplash.com/300x300/?Salt
Salt 972,82,66,Bakery,133,300972,https://source.unsplash.com/300x300/?Salt
Juice 973,114,101,Snacks,164,300973,https://source.unsplash.com/300x300/?Juice
Salt 974,92,73,Fruits,172,300974,https://source.unsplash.com/300x300/?Salt
Apple 975,163,163,Personal Care,18,300975,https://source.unsplash.com/300x300/?Apple
Juice 976,159,155,Personal Care,147,300976,https://source.unsplash.com/300x300/?Juice
Biscuits 977,79,72,Fruits,110,300977,https://source.unsplash.com/300x300/?Biscuits
Soap 978,73,72,Bakery,57,300978,https://source.unsplash.com/300x300/?Soap
Apple 979,55,50,Beverages,125,300979,https://source.unsplash.com/300x300/?Apple
Rice 980,146,142,Snacks,190,300980,https://source.unsplash.com/300x300/?Rice
Shampoo 981,104,96,Grocery,195,300981,https://source.unsplash.com/300x300/?Shampoo
Cheese 982,186,183,Personal Care,121,300982,https://source.unsplash.com/300x300/?Cheese
Soap 983,110,92,Snacks,150,300983,https://source.unsplash.com/300x300/?Soap
Eggs 984,85,81,Fruits,97,300984,https://source.unsplash.com/300x300/?Eggs
Rice 985,44,26,Personal Care,138,300985,https://source.unsplash.com/300x300/?Rice
Eggs 986,172,157,Dairy,125,300986,https://source.unsplash.com/300x300/?Eggs
Butter 987,138,126,Personal Care,159,300987,https://source.unsplash.com/300x300/?Butter
Oil 988,214,199,Fruits,43,300988,https://source.unsplash.com/300x300/?Oil
Chocolate 989,109,107,Dairy,185,300989,https://source.unsplash.com/300x300/?Chocolate
Oil 990,41,36,Bakery,0,300990,https://source.unsplash.com/300x300/?Oil
Chips 991,42,34,Personal Care,44,300991,https://source.unsplash.com/300x300/?Chips
Butter 992,69,52,Beverages,83,300992,https://source.unsplash.com/300x300/?Butter
Rice 993,100,96,Grocery,51,300993,https://source.unsplash.com/300x300/?Rice
Chips 994,207,196,Beverages,171,300994,https://source.unsplash.com/300x300/?Chips
Butter 995,134,129,Beverages,45,300995,https://source.unsplash.com/300x300/?Butter
Biscuits 996,53,39,Snacks,28,300996,https://source.unsplash.com/300x300/?Biscuits
Butter 997,143,142,Beverages,41,300997,https://source.unsplash.com/300x300/?Butter
Salt 998,168,154,Bakery,40,300998,https://source.unsplash.com/300x300/?Salt
Rice 999,25,8,Beverages,170,300999,https://source.unsplash.com/300x300/?Rice
Milk 1000,197,182,Personal Care,17,301000,https://source.unsplash.com/300x300/?Milk
